sepal length (cm),sepal width (cm),petal length (cm),petal width (cm),target_name
5.11,3.51,1.45,0.25,setosa
4.95,3.08,1.42,0.24,setosa
4.76,3.24,1.34,0.22,setosa
4.63,3.15,1.55,0.22,setosa
5.07,3.68,1.41,0.23,setosa
5.45,3.95,1.77,0.48,setosa
4.68,3.43,1.45,0.38,setosa
5.08,3.42,1.54,0.26,setosa
4.46,2.94,1.44,0.25,setosa
4.98,3.18,1.52,0.13,setosa
5.47,3.76,1.59,0.22,setosa
4.88,3.45,1.68,0.24,setosa
4.82,3.06,1.48,0.17,setosa
4.32,3.06,1.19,0.14,setosa
5.86,4.04,1.24,0.26,setosa
5.79,4.41,1.57,0.41,setosa
5.46,3.91,1.33,0.43,setosa
5.18,3.56,1.42,0.32,setosa
5.77,3.85,1.75,0.39,setosa
5.19,3.88,1.52,0.35,setosa
5.45,3.48,1.74,0.27,setosa
5.12,3.75,1.58,0.45,setosa
4.64,3.68,1.07,0.22,setosa
5.14,3.34,1.72,0.52,setosa
4.89,3.45,1.93,0.22,setosa
5.07,3.08,1.65,0.25,setosa
5.05,3.42,1.67,0.46,setosa
5.29,3.58,1.52,0.28,setosa
5.22,3.48,1.49,0.24,setosa
4.77,3.22,1.64,0.23,setosa
4.88,3.16,1.66,0.28,setosa
5.49,3.47,1.56,0.45,setosa
5.22,4.13,1.57,0.14,setosa
5.57,4.24,1.43,0.27,setosa
4.94,3.19,1.53,0.22,setosa
5.07,3.23,1.25,0.29,setosa
5.57,3.58,1.33,0.26,setosa
4.91,3.65,1.47,0.15,setosa
4.46,3.08,1.31,0.27,setosa
5.18,3.44,1.54,0.22,setosa
5.07,3.56,1.36,0.38,setosa
4.54,2.34,1.36,0.34,setosa
4.42,3.27,1.36,0.23,setosa
5.06,3.52,1.65,0.64,setosa
5.17,3.88,1.98,0.48,setosa
4.87,3.06,1.42,0.39,setosa
5.16,3.82,1.61,0.26,setosa
4.63,3.22,1.45,0.22,setosa
5.34,3.74,1.56,0.25,setosa
5.04,3.36,1.45,0.21,setosa
4.83,3.32,1.39,0.38,setosa
5.13,3.08,1.39,0.21,setosa
5.05,3.24,1.46,0.27,setosa
4.94,3.40,1.37,0.25,setosa
4.67,3.83,1.28,0.28,setosa
4.15,2.90,1.27,0.10,setosa
5.76,3.40,1.28,0.29,setosa
4.98,3.33,1.52,0.22,setosa
5.25,3.56,1.32,0.21,setosa
4.94,3.21,1.75,0.24,setosa
5.22,3.53,1.46,0.26,setosa
5.05,3.11,1.40,0.20,setosa
4.83,3.69,1.79,0.29,setosa
5.20,4.05,1.56,0.19,setosa
5.63,3.89,1.46,0.35,setosa
5.07,3.41,1.37,0.27,setosa
4.50,3.08,1.50,0.25,setosa
5.63,3.45,1.42,0.26,setosa
5.28,3.72,1.60,0.64,setosa
5.80,4.14,1.45,0.33,setosa
5.61,3.80,1.60,0.18,setosa
4.82,3.11,1.66,0.17,setosa
5.35,3.39,1.60,0.23,setosa
4.64,3.34,1.33,0.29,setosa
5.19,3.76,1.56,0.31,setosa
5.24,3.74,1.48,0.28,setosa
5.57,3.80,1.21,0.37,setosa
5.14,3.56,1.38,0.34,setosa
5.48,3.87,1.59,0.18,setosa
5.69,3.86,1.49,0.17,setosa
5.01,3.27,1.47,0.17,setosa
4.36,2.85,1.36,0.24,setosa
4.77,3.20,1.32,0.16,setosa
5.35,3.58,1.53,0.18,setosa
4.64,3.36,1.43,0.15,setosa
5.05,3.60,1.52,0.20,setosa
5.31,4.21,1.78,0.34,setosa
4.91,3.19,1.69,0.25,setosa
4.72,3.38,1.46,0.31,setosa
4.77,3.33,1.46,0.39,setosa
5.24,4.01,1.79,0.41,setosa
4.66,3.09,1.31,0.23,setosa
5.70,4.05,1.16,0.32,setosa
4.23,3.24,1.19,0.14,setosa
4.70,3.15,1.29,0.28,setosa
4.85,3.66,1.85,0.26,setosa
4.83,3.73,1.38,0.28,setosa
5.67,3.52,1.39,0.23,setosa
5.02,3.70,1.62,0.34,setosa
4.72,3.49,1.42,0.21,setosa
5.87,4.55,1.56,0.42,setosa
4.84,3.65,1.51,0.21,setosa
5.18,4.05,1.65,0.28,setosa
5.37,3.29,1.60,0.28,setosa
5.54,4.18,1.59,0.29,setosa
5.22,3.32,1.71,0.29,setosa
4.49,3.03,1.29,0.20,setosa
4.64,3.93,1.28,0.34,setosa
5.52,4.16,1.36,0.31,setosa
4.68,3.25,1.26,0.25,setosa
4.48,3.30,1.43,0.23,setosa
5.36,3.29,1.43,0.17,setosa
5.24,4.05,1.47,0.23,setosa
4.72,3.59,1.44,0.07,setosa
5.24,3.29,1.68,0.22,setosa
4.51,3.12,1.12,0.10,setosa
5.31,3.73,1.38,0.31,setosa
4.62,3.51,1.66,0.27,setosa
5.60,3.92,1.70,0.26,setosa
5.20,3.40,1.69,0.32,setosa
4.64,3.27,1.29,0.38,setosa
4.56,3.11,1.32,0.12,setosa
4.80,3.03,1.38,0.25,setosa
4.75,3.04,1.47,0.29,setosa
5.18,3.26,1.61,0.27,setosa
5.32,3.66,1.52,0.21,setosa
5.58,3.85,1.66,0.39,setosa
5.36,3.79,1.90,0.47,setosa
5.00,3.80,1.64,0.31,setosa
5.12,3.54,1.72,0.31,setosa
5.12,3.88,1.38,0.32,setosa
5.42,4.06,1.55,0.31,setosa
5.89,3.96,1.74,0.35,setosa
5.23,3.76,1.63,0.22,setosa
5.02,3.58,1.36,0.25,setosa
4.70,3.30,1.73,0.22,setosa
4.82,3.18,1.41,0.22,setosa
5.34,4.02,1.77,0.50,setosa
5.03,3.35,1.39,0.37,setosa
4.98,3.75,1.59,0.30,setosa
4.68,3.38,1.47,0.20,setosa
5.39,3.50,1.53,0.25,setosa
4.72,3.37,2.02,0.15,setosa
5.17,3.32,1.43,0.19,setosa
4.74,3.16,1.42,0.29,setosa
5.46,3.63,1.76,0.44,setosa
5.13,2.99,1.62,0.23,setosa
4.87,3.68,1.65,0.30,setosa
5.68,3.67,1.86,0.28,setosa
4.23,3.32,1.39,0.21,setosa
5.28,3.35,1.40,0.18,setosa
4.66,3.06,1.34,0.20,setosa
5.40,4.10,1.52,0.31,setosa
4.70,3.03,1.53,0.12,setosa
5.25,3.12,1.26,0.17,setosa
4.98,3.37,1.60,0.24,setosa
4.86,3.30,1.39,0.24,setosa
5.05,3.87,1.55,0.21,setosa
4.80,3.13,1.50,0.20,setosa
5.15,3.65,1.51,0.39,setosa
4.39,2.34,1.33,0.25,setosa
5.07,3.54,1.54,0.17,setosa
5.17,3.98,1.43,0.43,setosa
4.25,3.36,1.27,0.27,setosa
5.18,3.68,1.43,0.23,setosa
5.33,3.59,1.43,0.24,setosa
4.97,3.22,1.66,0.27,setosa
4.43,2.92,1.20,0.14,setosa
5.16,2.99,1.56,0.23,setosa
5.64,4.38,1.65,0.44,setosa
5.39,3.27,1.48,0.17,setosa
4.83,3.01,1.56,0.22,setosa
4.73,3.49,1.92,0.27,setosa
5.11,3.68,1.78,0.42,setosa
4.77,3.29,1.23,0.17,setosa
5.02,3.30,1.65,0.32,setosa
5.21,3.77,1.51,0.24,setosa
5.50,3.74,1.29,0.22,setosa
5.35,3.99,1.45,0.38,setosa
4.84,3.53,2.02,0.17,setosa
5.29,3.91,1.70,0.17,setosa
4.87,3.40,1.67,0.17,setosa
4.96,3.75,1.47,0.34,setosa
5.38,3.53,1.56,0.28,setosa
6.12,3.98,1.25,0.30,setosa
5.20,3.44,1.76,0.27,setosa
5.07,3.61,1.35,0.20,setosa
4.57,2.96,1.16,0.17,setosa
5.20,3.05,1.57,0.22,setosa
5.28,3.64,1.49,0.25,setosa
5.29,3.93,1.54,0.18,setosa
5.11,3.44,1.55,0.11,setosa
5.83,3.45,1.41,0.34,setosa
5.21,3.46,1.79,0.50,setosa
4.54,3.32,1.53,0.18,setosa
4.25,3.54,1.33,0.18,setosa
4.65,3.56,1.75,0.25,setosa
4.94,3.74,1.49,0.20,setosa
5.44,4.50,1.38,0.20,setosa
5.08,3.22,1.57,0.14,setosa
5.39,3.63,1.54,0.23,setosa
5.17,3.58,1.59,0.28,setosa
4.52,3.12,1.53,0.35,setosa
4.45,2.89,1.34,0.16,setosa
5.14,3.30,1.36,0.29,setosa
5.35,3.43,1.37,0.15,setosa
4.95,3.73,1.49,0.32,setosa
5.08,3.41,1.52,0.28,setosa
5.23,3.73,1.73,0.28,setosa
5.15,4.05,1.53,0.32,setosa
5.09,3.69,1.42,0.27,setosa
5.43,3.63,1.36,0.39,setosa
4.87,3.35,1.49,0.22,setosa
4.63,3.28,1.68,0.16,setosa
4.54,3.12,1.14,0.14,setosa
5.27,4.05,1.66,0.47,setosa
5.57,3.95,1.64,0.20,setosa
4.58,3.26,1.38,0.17,setosa
5.41,3.39,1.32,0.21,setosa
5.05,3.65,1.42,0.10,setosa
5.28,3.80,1.68,0.19,setosa
5.37,3.70,1.51,0.42,setosa
4.68,3.47,1.51,0.19,setosa
5.30,3.33,1.63,0.22,setosa
5.05,3.74,1.62,0.24,setosa
5.20,3.41,1.78,0.45,setosa
5.12,3.76,1.42,0.28,setosa
5.05,3.40,1.49,0.20,setosa
4.45,3.11,1.19,0.18,setosa
5.09,3.91,1.53,0.48,setosa
5.15,3.16,1.33,0.32,setosa
5.51,4.31,1.44,0.33,setosa
4.58,3.32,1.31,0.21,setosa
4.91,3.27,1.48,0.28,setosa
4.96,3.38,1.50,0.23,setosa
5.33,3.82,1.61,0.28,setosa
5.10,3.21,1.71,0.16,setosa
5.86,4.08,1.51,0.16,setosa
4.96,3.58,1.45,0.27,setosa
5.32,3.72,1.63,0.23,setosa
5.42,3.70,1.44,0.24,setosa
5.07,3.46,1.59,0.24,setosa
5.29,3.75,1.57,0.29,setosa
4.61,3.03,1.42,0.14,setosa
4.58,3.48,1.49,0.23,setosa
4.28,3.13,1.52,0.22,setosa
5.17,3.28,1.54,0.19,setosa
5.37,3.89,1.49,0.49,setosa
5.07,3.50,1.55,0.21,setosa
4.44,3.03,1.24,0.22,setosa
5.41,3.96,1.59,0.30,setosa
4.83,3.36,1.51,0.06,setosa
5.34,3.83,1.55,0.29,setosa
4.82,3.09,1.40,0.30,setosa
5.78,3.57,1.57,0.29,setosa
4.72,3.36,1.39,0.05,setosa
4.70,3.35,1.28,0.16,setosa
5.09,3.23,1.67,0.24,setosa
5.20,2.98,1.55,0.13,setosa
5.12,3.87,1.95,0.53,setosa
4.93,3.88,1.63,0.28,setosa
4.74,3.69,1.13,0.32,setosa
5.00,3.36,1.80,0.21,setosa
4.98,3.47,1.43,0.22,setosa
4.58,3.33,1.53,0.20,setosa
5.02,3.46,1.49,0.24,setosa
5.16,3.73,1.46,0.28,setosa
5.03,2.98,1.38,0.17,setosa
4.99,3.65,1.40,0.25,setosa
5.22,3.34,1.54,0.22,setosa
5.16,3.98,1.85,0.49,setosa
5.44,4.04,1.59,0.11,setosa
5.20,4.01,1.63,0.31,setosa
5.24,3.72,1.53,0.24,setosa
5.34,3.43,1.53,0.35,setosa
4.94,3.53,1.41,0.29,setosa
5.78,3.95,1.27,0.19,setosa
5.12,3.66,1.45,0.24,setosa
5.84,4.01,1.59,0.26,setosa
5.15,3.71,1.67,0.26,setosa
4.62,3.41,1.55,0.22,setosa
5.98,4.06,1.32,0.19,setosa
4.57,3.05,1.32,0.23,setosa
4.47,2.93,1.43,0.28,setosa
5.17,3.35,1.61,0.26,setosa
4.59,2.95,1.28,0.16,setosa
5.47,4.36,1.44,0.28,setosa
5.49,3.74,1.53,0.46,setosa
5.29,2.90,1.67,0.28,setosa
4.82,3.21,1.32,0.18,setosa
5.45,3.73,1.50,0.43,setosa
5.37,3.88,1.52,0.38,setosa
4.61,3.62,1.20,0.24,setosa
5.08,3.60,1.38,0.28,setosa
4.99,3.20,1.48,0.22,setosa
4.99,3.63,1.67,0.46,setosa
5.45,3.70,1.40,0.23,setosa
5.31,3.36,1.84,0.27,setosa
4.82,3.06,1.46,0.26,setosa
4.94,3.44,1.46,0.25,setosa
4.95,3.31,1.52,0.25,setosa
5.28,3.63,1.49,0.37,setosa
4.67,3.29,1.60,0.32,setosa
4.14,2.93,1.27,0.17,setosa
5.23,4.34,1.59,0.06,setosa
5.25,3.69,1.50,0.57,setosa
5.23,3.28,1.47,0.16,setosa
4.94,3.09,1.51,0.26,setosa
5.92,3.92,1.73,0.30,setosa
5.63,3.70,1.50,0.31,setosa
4.80,3.64,1.58,0.35,setosa
5.07,3.54,1.42,0.22,setosa
5.38,3.39,1.35,0.25,setosa
5.35,3.63,1.58,0.19,setosa
5.26,3.37,1.43,0.20,setosa
4.50,3.25,1.36,0.28,setosa
4.60,3.46,1.50,0.23,setosa
4.42,3.16,1.23,0.21,setosa
5.03,3.27,1.35,0.25,setosa
5.68,3.58,1.35,0.26,setosa
5.27,3.82,1.52,0.19,setosa
5.19,3.88,1.52,0.08,setosa
5.71,3.38,1.78,0.31,setosa
5.17,3.49,1.38,0.23,setosa
5.17,3.57,1.44,0.26,setosa
5.34,3.86,1.76,0.22,setosa
5.59,3.70,1.58,0.25,setosa
4.90,3.72,1.42,0.26,setosa
5.35,3.71,1.43,0.35,setosa
4.42,3.06,1.09,0.17,setosa
5.06,2.90,1.45,0.20,setosa
5.12,4.01,1.44,0.19,setosa
4.34,2.83,1.32,0.25,setosa
4.83,3.31,1.46,0.27,setosa
5.39,3.43,1.34,0.24,setosa
5.79,4.23,1.64,0.42,setosa
4.59,3.38,1.46,0.25,setosa
4.64,3.29,1.31,0.17,setosa
5.18,3.91,1.54,0.17,setosa
4.81,3.45,1.47,0.18,setosa
4.93,3.38,1.58,0.24,setosa
5.40,4.26,1.55,0.32,setosa
4.93,2.85,1.61,0.14,setosa
4.30,2.93,1.02,0.13,setosa
5.62,3.91,1.83,0.46,setosa
5.42,3.88,1.52,0.46,setosa
5.27,3.80,1.46,0.18,setosa
5.18,3.10,1.50,0.15,setosa
5.14,3.57,1.67,0.15,setosa
5.22,4.22,1.87,0.37,setosa
4.53,2.98,1.20,0.13,setosa
5.58,3.98,1.51,0.26,setosa
4.38,3.36,1.25,0.21,setosa
5.25,3.32,1.43,0.35,setosa
4.89,3.56,1.28,0.23,setosa
4.66,3.60,1.51,0.24,setosa
4.43,3.33,1.47,0.26,setosa
5.37,3.46,1.58,0.27,setosa
5.52,3.76,1.40,0.20,setosa
4.87,2.95,1.53,0.36,setosa
5.20,3.38,1.53,0.31,setosa
5.23,3.34,1.54,0.34,setosa
5.09,3.71,1.80,0.21,setosa
4.95,3.50,1.24,0.37,setosa
4.83,3.12,1.65,0.16,setosa
4.99,3.52,1.23,0.23,setosa
4.94,3.20,1.46,0.27,setosa
5.53,3.56,1.55,0.34,setosa
4.97,3.17,1.60,0.24,setosa
5.61,4.24,1.56,0.47,setosa
5.45,4.10,1.78,0.35,setosa
5.62,4.11,1.58,0.13,setosa
4.82,3.60,1.49,0.23,setosa
5.24,4.09,1.57,0.36,setosa
5.61,4.57,1.52,0.43,setosa
5.32,3.90,1.44,0.37,setosa
5.41,3.90,1.53,0.33,setosa
4.35,3.00,1.31,0.16,setosa
5.34,3.76,1.57,0.25,setosa
5.19,3.03,1.59,0.25,setosa
5.34,3.74,1.83,0.35,setosa
4.40,3.55,1.24,0.19,setosa
5.52,3.46,1.34,0.28,setosa
4.55,3.68,1.18,0.27,setosa
5.29,3.76,1.45,0.31,setosa
4.78,3.39,1.45,0.29,setosa
5.15,3.61,1.73,0.64,setosa
4.96,3.03,1.35,0.08,setosa
5.40,3.90,1.42,0.26,setosa
5.23,3.38,1.62,0.27,setosa
5.06,3.31,1.61,0.18,setosa
4.87,3.15,1.52,0.32,setosa
4.92,3.39,1.59,0.28,setosa
5.51,4.13,1.18,0.26,setosa
4.52,3.18,1.32,0.13,setosa
4.35,2.98,1.31,0.15,setosa
5.02,3.46,1.42,0.26,setosa
4.65,3.33,1.57,0.29,setosa
5.32,3.79,1.94,0.49,setosa
4.24,3.39,1.42,0.15,setosa
5.29,3.72,1.65,0.20,setosa
5.46,3.80,1.44,0.17,setosa
5.34,3.61,1.51,0.36,setosa
4.49,3.14,1.28,0.11,setosa
4.92,3.79,1.70,0.65,setosa
4.98,3.89,1.44,0.17,setosa
5.17,3.59,1.32,0.27,setosa
5.36,3.69,1.64,0.21,setosa
5.01,3.33,1.59,0.28,setosa
5.20,3.28,1.63,0.13,setosa
5.15,3.63,1.81,0.19,setosa
5.05,4.13,1.50,0.38,setosa
5.07,3.57,1.44,0.25,setosa
5.44,3.78,1.69,0.31,setosa
5.25,3.21,1.67,0.26,setosa
4.87,3.40,1.70,0.12,setosa
5.50,4.07,1.41,0.19,setosa
5.49,3.74,1.24,0.24,setosa
5.18,4.41,1.67,0.19,setosa
4.66,3.03,1.51,0.29,setosa
4.50,3.64,1.65,0.29,setosa
5.25,3.58,1.36,0.23,setosa
5.35,3.76,1.61,0.26,setosa
5.24,3.40,1.53,0.32,setosa
4.84,3.60,1.41,0.31,setosa
5.26,4.11,1.58,0.31,setosa
4.98,3.67,1.61,0.30,setosa
5.81,4.10,1.42,0.32,setosa
5.38,3.48,1.55,0.27,setosa
4.93,3.36,1.57,0.43,setosa
4.71,3.06,1.51,0.20,setosa
5.46,3.28,1.61,0.43,setosa
5.08,3.10,1.64,0.21,setosa
5.58,3.55,1.60,0.25,setosa
4.95,3.37,1.40,0.26,setosa
5.05,3.34,1.81,0.58,setosa
5.39,3.46,1.36,0.29,setosa
5.31,3.37,1.23,0.17,setosa
4.87,3.42,1.71,0.29,setosa
5.18,3.88,1.45,0.35,setosa
5.00,3.11,1.69,0.27,setosa
5.83,4.00,1.54,0.29,setosa
5.00,2.98,1.53,0.29,setosa
5.71,3.47,1.32,0.30,setosa
5.04,3.41,1.67,0.27,setosa
4.62,3.35,1.46,0.17,setosa
4.68,3.46,1.39,0.27,setosa
5.40,4.11,1.53,0.43,setosa
5.08,3.68,1.42,0.32,setosa
5.26,3.89,1.54,0.28,setosa
5.04,3.44,1.54,0.10,setosa
5.18,3.42,1.52,0.19,setosa
5.74,3.91,1.37,0.36,setosa
5.00,3.71,1.54,0.22,setosa
5.39,3.93,1.30,0.38,setosa
5.02,3.56,1.48,0.25,setosa
5.11,3.56,1.41,0.17,setosa
4.69,3.01,1.39,0.26,setosa
4.58,3.38,1.58,0.25,setosa
5.55,3.89,1.62,0.21,setosa
5.41,3.72,1.37,0.27,setosa
6.00,3.87,1.68,0.25,setosa
4.96,2.99,1.54,0.11,setosa
5.04,2.99,1.36,0.35,setosa
5.00,2.96,1.44,0.18,setosa
5.04,3.50,1.50,0.15,setosa
5.13,3.30,1.64,0.22,setosa
5.02,3.86,1.53,0.20,setosa
5.79,4.35,1.52,0.24,setosa
5.11,3.52,1.37,0.26,setosa
5.32,3.58,1.57,0.25,setosa
5.58,4.01,1.86,0.34,setosa
5.11,3.71,1.95,0.22,setosa
5.20,3.61,1.63,0.34,setosa
4.66,2.91,1.25,0.19,setosa
5.45,3.70,1.61,0.29,setosa
5.74,3.88,1.39,0.36,setosa
5.05,3.50,1.56,0.25,setosa
5.05,3.77,1.51,0.26,setosa
4.43,3.27,1.34,0.23,setosa
5.45,3.71,1.52,0.28,setosa
5.12,3.77,1.52,0.16,setosa
5.09,3.59,1.42,0.18,setosa
4.78,3.10,1.53,0.30,setosa
4.56,3.22,1.07,0.15,setosa
4.98,3.21,1.28,0.34,setosa
5.17,3.14,1.42,0.21,setosa
5.10,3.50,1.74,0.40,setosa
5.63,3.79,1.37,0.24,setosa
5.35,3.78,1.70,0.30,setosa
5.60,4.02,1.26,0.26,setosa
4.92,2.93,1.54,0.30,setosa
4.68,3.47,1.40,0.23,setosa
4.79,3.24,1.52,0.29,setosa
5.24,4.08,1.66,0.20,setosa
4.66,3.46,1.61,0.14,setosa
5.55,3.65,1.46,0.23,setosa
5.45,3.74,1.50,0.24,setosa
4.86,3.23,1.40,0.19,setosa
4.96,3.64,1.65,0.31,setosa
7.02,3.24,4.77,1.47,versicolor
6.48,3.25,4.56,1.51,versicolor
6.91,3.17,4.97,1.54,versicolor
5.52,2.36,4.09,1.36,versicolor
6.53,2.84,4.66,1.53,versicolor
5.78,2.84,4.55,1.37,versicolor
6.36,3.31,4.79,1.63,versicolor
4.94,2.46,3.36,1.04,versicolor
6.63,2.93,4.69,1.36,versicolor
5.28,2.73,3.97,1.42,versicolor
5.04,2.05,3.59,1.03,versicolor
5.92,3.06,4.26,1.54,versicolor
6.02,2.21,4.04,1.04,versicolor
6.15,2.98,4.71,1.45,versicolor
5.67,2.94,3.66,1.33,versicolor
6.78,3.19,4.43,1.46,versicolor
5.66,3.05,4.58,1.53,versicolor
5.87,2.73,4.17,1.06,versicolor
6.27,2.22,4.54,1.52,versicolor
5.68,2.54,3.93,1.11,versicolor
5.95,3.22,4.85,1.88,versicolor
6.17,2.86,4.01,1.37,versicolor
6.37,2.56,4.92,1.53,versicolor
6.13,2.84,4.75,1.28,versicolor
6.46,2.97,4.33,1.31,versicolor
6.64,3.02,4.48,1.48,versicolor
6.86,2.85,4.86,1.48,versicolor
6.73,3.09,5.08,1.74,versicolor
6.09,2.96,4.53,1.55,versicolor
5.75,2.67,3.58,1.03,versicolor
5.55,2.45,3.89,1.15,versicolor
5.57,2.44,3.72,1.05,versicolor
5.82,2.77,3.98,1.27,versicolor
6.07,2.77,5.18,1.64,versicolor
5.48,3.05,4.57,1.54,versicolor
6.09,3.43,4.52,1.65,versicolor
6.75,3.16,4.78,1.51,versicolor
6.39,2.37,4.44,1.33,versicolor
5.63,3.02,4.16,1.36,versicolor
5.59,2.57,4.04,1.31,versicolor
5.59,2.61,4.47,1.28,versicolor
6.16,3.07,4.67,1.45,versicolor
5.87,2.62,4.06,1.27,versicolor
5.06,2.36,3.34,1.05,versicolor
5.65,2.77,4.29,1.31,versicolor
5.72,3.07,4.26,1.27,versicolor
5.72,2.94,4.27,1.34,versicolor
6.28,2.95,4.35,1.34,versicolor
5.12,2.56,3.06,1.12,versicolor
5.75,2.84,4.19,1.32,versicolor
5.80,3.10,4.50,1.28,versicolor
5.59,2.52,3.87,1.10,versicolor
5.78,2.47,4.33,1.33,versicolor
5.89,2.82,4.08,1.25,versicolor
7.01,3.01,4.53,1.51,versicolor
6.65,3.18,4.33,1.34,versicolor
6.11,3.04,4.38,1.48,versicolor
5.37,2.58,4.37,1.14,versicolor
6.66,2.08,4.74,1.49,versicolor
6.63,2.75,4.67,1.37,versicolor
5.53,2.84,3.95,1.38,versicolor
6.86,3.34,4.89,1.56,versicolor
5.82,3.05,4.03,1.26,versicolor
6.86,3.12,4.65,1.35,versicolor
5.63,3.08,4.04,1.22,versicolor
6.28,3.60,4.38,1.51,versicolor
5.88,2.51,4.33,1.23,versicolor
6.56,3.22,4.84,1.33,versicolor
6.02,2.91,4.34,1.47,versicolor
5.73,3.09,4.72,1.59,versicolor
5.84,2.84,4.42,1.04,versicolor
6.64,3.23,4.34,1.37,versicolor
6.31,2.56,3.87,1.25,versicolor
6.44,3.10,4.80,1.41,versicolor
6.56,2.52,4.58,1.25,versicolor
6.70,3.23,4.78,1.46,versicolor
6.40,3.00,4.41,1.52,versicolor
6.00,3.07,3.94,1.27,versicolor
6.39,3.32,4.65,1.48,versicolor
5.44,2.91,4.29,1.54,versicolor
6.16,2.44,4.77,1.29,versicolor
6.54,3.30,4.46,1.57,versicolor
6.48,3.52,4.96,1.62,versicolor
6.13,3.25,4.90,1.42,versicolor
5.34,2.73,4.21,1.28,versicolor
6.37,3.20,4.38,1.43,versicolor
6.60,3.18,5.10,1.63,versicolor
6.00,3.12,4.36,1.47,versicolor
5.42,2.99,4.43,1.37,versicolor
5.36,2.96,4.46,1.35,versicolor
5.43,2.77,4.38,1.32,versicolor
5.97,3.44,4.89,1.42,versicolor
6.42,2.71,5.07,1.28,versicolor
5.74,2.87,4.52,1.56,versicolor
5.90,3.06,4.44,1.21,versicolor
6.44,3.15,4.54,1.54,versicolor
6.15,2.68,5.15,1.51,versicolor
5.47,2.77,4.10,1.37,versicolor
6.51,2.72,5.13,1.55,versicolor
5.66,2.54,3.78,1.19,versicolor
5.88,2.75,4.28,1.05,versicolor
6.21,3.09,4.23,1.37,versicolor
6.03,2.97,4.69,1.59,versicolor
6.00,2.62,5.03,1.22,versicolor
5.64,2.81,3.81,1.26,versicolor
5.59,2.45,3.85,1.00,versicolor
6.55,3.20,4.54,1.68,versicolor
6.87,2.90,4.45,1.54,versicolor
6.44,3.13,4.45,1.65,versicolor
5.55,2.62,4.33,1.18,versicolor
5.75,2.55,3.66,1.01,versicolor
6.08,2.97,3.79,1.37,versicolor
5.79,2.91,4.41,1.23,versicolor
5.67,2.48,4.23,1.18,versicolor
5.71,2.78,3.43,1.13,versicolor
6.28,2.85,4.54,1.51,versicolor
5.49,3.28,3.87,1.22,versicolor
6.31,3.48,4.94,1.63,versicolor
6.65,3.20,4.47,1.63,versicolor
5.49,2.46,2.92,1.16,versicolor
6.43,3.33,4.46,1.69,versicolor
6.15,2.41,3.87,1.32,versicolor
6.90,3.15,5.16,1.56,versicolor
5.70,3.16,4.90,1.75,versicolor
6.13,3.15,4.89,1.46,versicolor
6.40,2.90,4.71,1.29,versicolor
5.02,2.37,3.63,0.99,versicolor
5.54,2.49,4.26,1.09,versicolor
7.05,2.89,4.57,1.46,versicolor
5.50,2.73,4.04,1.33,versicolor
6.42,2.91,4.48,1.36,versicolor
5.62,2.91,4.73,1.69,versicolor
5.70,2.87,3.90,1.44,versicolor
6.11,2.85,4.40,1.13,versicolor
6.67,2.49,4.99,1.65,versicolor
6.12,2.92,4.43,1.24,versicolor
5.95,3.14,5.06,1.36,versicolor
5.88,2.82,3.94,1.01,versicolor
5.49,2.66,4.12,1.12,versicolor
7.19,3.13,5.02,1.69,versicolor
5.28,2.82,3.95,1.25,versicolor
5.70,2.45,4.39,1.43,versicolor
5.79,2.91,4.97,1.64,versicolor
5.68,2.77,3.91,1.30,versicolor
5.41,2.31,3.62,1.07,versicolor
7.12,2.96,5.38,1.57,versicolor
5.68,2.89,4.25,1.34,versicolor
6.39,3.16,4.73,1.45,versicolor
6.53,3.33,4.77,1.42,versicolor
6.22,2.59,4.90,1.49,versicolor
5.57,2.66,4.01,1.34,versicolor
5.55,2.45,3.48,0.99,versicolor
6.64,2.36,4.49,1.43,versicolor
5.63,2.51,3.97,1.23,versicolor
7.00,2.87,4.72,1.38,versicolor
5.41,2.78,3.82,1.09,versicolor
5.17,2.80,4.21,1.27,versicolor
5.53,2.64,4.38,1.50,versicolor
6.15,3.29,3.99,1.45,versicolor
5.72,2.87,3.92,1.29,versicolor
7.10,3.12,4.94,1.46,versicolor
6.82,3.42,4.69,1.62,versicolor
5.97,3.23,4.95,1.88,versicolor
6.09,3.27,4.64,1.27,versicolor
6.20,2.56,3.71,0.99,versicolor
5.41,2.10,3.59,1.05,versicolor
5.25,2.58,3.37,1.05,versicolor
6.98,3.22,4.69,1.63,versicolor
5.95,2.35,4.75,1.66,versicolor
7.06,3.04,4.24,1.32,versicolor
5.97,2.97,4.11,1.48,versicolor
7.02,3.11,4.33,1.57,versicolor
6.03,2.92,4.35,1.23,versicolor
5.55,2.29,4.36,1.41,versicolor
6.66,3.33,5.31,1.47,versicolor
5.06,2.48,3.33,1.14,versicolor
6.45,2.32,4.39,1.50,versicolor
5.83,2.26,3.63,1.32,versicolor
6.68,3.26,4.64,1.44,versicolor
6.43,2.73,4.79,1.60,versicolor
5.83,3.47,4.90,1.60,versicolor
6.02,2.81,4.75,1.41,versicolor
5.05,2.44,3.40,0.92,versicolor
5.78,2.89,4.04,1.22,versicolor
6.70,3.19,4.95,1.46,versicolor
6.54,3.03,4.85,1.36,versicolor
6.65,3.01,4.84,1.31,versicolor
6.62,2.61,4.45,1.55,versicolor
6.48,3.00,4.90,1.34,versicolor
6.83,3.19,4.50,1.42,versicolor
6.09,2.85,4.97,1.28,versicolor
6.50,3.04,4.42,1.40,versicolor
6.50,3.36,4.56,1.61,versicolor
5.41,2.69,3.36,0.97,versicolor
6.62,2.68,4.94,1.61,versicolor
6.15,3.54,4.99,1.90,versicolor
5.95,2.46,3.90,0.99,versicolor
6.71,2.72,4.45,1.53,versicolor
6.03,2.41,4.90,1.42,versicolor
5.73,2.63,3.98,1.32,versicolor
5.97,3.00,4.58,1.25,versicolor
7.14,3.19,4.60,1.40,versicolor
6.46,2.61,5.16,1.64,versicolor
6.30,2.73,3.99,1.09,versicolor
6.14,2.91,4.73,1.66,versicolor
6.52,3.04,4.79,1.20,versicolor
5.94,2.37,3.66,1.24,versicolor
6.29,2.77,4.48,1.31,versicolor
5.67,2.92,4.04,1.30,versicolor
6.14,2.29,4.24,1.22,versicolor
5.50,1.95,3.51,1.06,versicolor
5.65,2.77,4.22,1.29,versicolor
5.63,2.69,3.78,1.06,versicolor
6.68,3.17,4.91,1.41,versicolor
5.53,3.11,4.60,1.61,versicolor
6.31,2.49,4.32,1.56,versicolor
5.84,2.78,4.66,1.21,versicolor
5.81,2.97,4.08,1.20,versicolor
6.38,2.74,4.15,1.33,versicolor
5.78,2.90,4.17,1.17,versicolor
6.04,2.96,4.66,1.55,versicolor
5.58,2.68,3.57,1.02,versicolor
6.27,2.45,4.75,1.41,versicolor
5.59,3.13,4.32,1.61,versicolor
5.79,2.94,4.66,1.45,versicolor
6.08,3.17,4.53,1.35,versicolor
5.65,2.90,3.77,1.27,versicolor
6.35,2.40,4.67,1.61,versicolor
5.93,3.45,4.55,1.58,versicolor
6.58,3.26,4.85,1.37,versicolor
5.69,3.29,4.23,1.60,versicolor
6.75,3.12,4.38,1.39,versicolor
6.67,2.84,4.39,1.43,versicolor
6.17,2.48,4.39,1.12,versicolor
6.41,2.93,4.34,1.28,versicolor
6.69,2.65,4.71,1.49,versicolor
6.17,2.71,3.86,1.39,versicolor
6.17,2.85,4.82,1.36,versicolor
5.68,2.52,3.85,1.37,versicolor
6.21,2.91,4.69,1.62,versicolor
5.32,2.39,3.07,1.11,versicolor
6.02,2.61,3.83,0.96,versicolor
6.57,2.96,4.60,1.48,versicolor
6.09,3.12,4.51,1.36,versicolor
6.24,3.16,4.70,1.56,versicolor
7.01,3.28,5.22,1.63,versicolor
4.78,2.58,2.95,1.12,versicolor
4.81,2.41,3.59,0.98,versicolor
5.98,2.70,4.74,1.57,versicolor
5.77,2.50,4.14,1.08,versicolor
6.14,3.07,4.24,1.55,versicolor
5.80,2.92,3.92,1.18,versicolor
5.98,2.75,4.10,1.37,versicolor
6.41,2.71,4.55,1.28,versicolor
5.57,2.70,4.04,1.29,versicolor
6.17,2.37,4.84,1.56,versicolor
5.90,2.68,3.89,1.46,versicolor
6.67,3.35,4.89,1.54,versicolor
6.20,2.51,4.99,1.29,versicolor
5.60,2.82,4.49,1.05,versicolor
5.54,2.96,4.47,1.39,versicolor
6.17,3.16,4.64,1.23,versicolor
6.78,3.01,4.80,1.42,versicolor
5.81,2.80,3.60,0.96,versicolor
5.51,2.76,4.42,1.33,versicolor
6.85,3.30,4.95,1.36,versicolor
5.54,2.34,4.32,1.23,versicolor
6.06,3.04,4.86,1.36,versicolor
6.41,2.82,4.27,1.52,versicolor
6.02,2.93,4.99,1.38,versicolor
5.84,2.31,4.16,1.45,versicolor
6.67,2.91,4.76,1.39,versicolor
6.70,3.01,4.97,1.55,versicolor
6.30,3.04,4.48,1.44,versicolor
5.86,2.87,4.14,1.33,versicolor
5.34,2.72,3.65,1.08,versicolor
6.24,2.94,4.05,1.30,versicolor
6.07,3.10,4.40,1.60,versicolor
6.80,3.53,4.76,1.74,versicolor
6.26,2.95,4.55,1.33,versicolor
5.58,3.26,4.08,1.22,versicolor
6.31,2.90,4.47,1.48,versicolor
5.24,2.39,2.83,1.10,versicolor
6.33,3.13,4.67,1.41,versicolor
4.96,2.22,3.63,0.93,versicolor
5.65,2.54,3.62,0.95,versicolor
5.15,2.71,3.04,1.27,versicolor
5.66,2.47,4.31,1.21,versicolor
5.38,3.08,4.07,1.32,versicolor
6.20,2.94,4.23,1.43,versicolor
6.28,2.75,4.33,1.29,versicolor
5.72,2.35,4.00,1.18,versicolor
5.59,3.11,4.39,1.65,versicolor
5.55,2.71,4.28,1.10,versicolor
6.26,3.14,4.55,1.42,versicolor
5.65,3.11,4.07,1.30,versicolor
5.54,2.94,4.35,1.28,versicolor
5.40,2.57,3.68,1.12,versicolor
7.37,3.14,4.93,1.48,versicolor
6.09,2.60,3.75,1.02,versicolor
6.12,3.40,4.82,1.49,versicolor
5.90,2.76,4.30,1.41,versicolor
6.13,2.88,4.49,1.46,versicolor
7.08,2.76,4.42,1.26,versicolor
6.09,3.10,4.15,1.21,versicolor
5.44,3.10,3.36,1.39,versicolor
6.50,2.88,4.73,1.41,versicolor
5.81,2.74,3.87,1.06,versicolor
6.09,3.07,4.02,1.50,versicolor
6.20,2.51,4.08,1.13,versicolor
7.38,3.27,4.89,1.57,versicolor
6.17,2.82,3.98,1.24,versicolor
5.42,2.76,3.65,1.06,versicolor
5.69,3.04,4.90,1.35,versicolor
6.00,2.26,4.36,1.07,versicolor
5.89,2.45,3.99,1.20,versicolor
6.99,2.87,4.59,1.31,versicolor
5.64,2.80,4.67,1.36,versicolor
5.96,3.09,4.40,1.35,versicolor
5.73,2.76,4.25,1.18,versicolor
6.49,3.16,4.96,1.50,versicolor
5.99,2.32,3.96,1.20,versicolor
7.09,3.10,4.98,1.65,versicolor
7.05,3.28,4.78,1.37,versicolor
6.78,3.10,4.93,1.70,versicolor
4.89,2.69,2.79,1.29,versicolor
7.05,2.94,4.55,1.49,versicolor
6.25,2.97,4.40,0.99,versicolor
5.59,2.48,3.71,1.16,versicolor
6.08,2.73,5.46,1.53,versicolor
5.74,2.66,4.21,1.32,versicolor
6.75,3.14,4.55,1.56,versicolor
6.73,3.42,4.99,1.53,versicolor
5.64,3.21,3.96,1.13,versicolor
6.07,2.76,4.19,1.17,versicolor
5.97,2.63,3.83,1.23,versicolor
6.09,3.23,3.90,1.34,versicolor
6.53,2.78,4.56,1.37,versicolor
6.94,3.04,4.56,1.61,versicolor
5.80,2.59,3.88,1.10,versicolor
6.17,2.94,4.72,1.30,versicolor
5.19,2.13,3.41,1.09,versicolor
6.30,2.24,5.10,1.61,versicolor
5.70,2.54,4.04,1.23,versicolor
5.77,2.92,4.01,1.34,versicolor
5.40,2.25,3.11,1.05,versicolor
5.99,2.85,3.84,1.28,versicolor
5.48,2.87,4.41,1.24,versicolor
6.41,3.11,4.24,1.49,versicolor
5.99,2.96,4.09,1.49,versicolor
6.80,3.18,5.00,1.61,versicolor
5.63,2.72,4.11,1.01,versicolor
6.98,2.92,4.98,1.54,versicolor
5.97,2.96,4.89,1.40,versicolor
5.49,2.59,4.14,1.23,versicolor
5.71,3.11,4.08,1.45,versicolor
5.49,2.42,4.26,1.17,versicolor
5.66,3.00,4.17,1.20,versicolor
6.27,2.47,4.61,1.54,versicolor
5.92,3.02,4.25,1.41,versicolor
6.26,3.07,4.58,1.62,versicolor
5.72,2.64,3.45,1.23,versicolor
6.83,2.82,5.01,1.43,versicolor
5.82,2.58,4.01,1.31,versicolor
5.70,2.76,4.71,1.50,versicolor
6.96,2.94,4.85,1.55,versicolor
5.92,2.93,4.51,1.42,versicolor
5.85,3.17,4.67,1.51,versicolor
6.19,2.54,4.32,1.37,versicolor
6.35,2.96,4.86,1.55,versicolor
6.64,3.27,4.60,1.41,versicolor
5.66,2.74,4.16,1.30,versicolor
5.57,2.72,4.44,1.37,versicolor
5.48,2.22,4.23,1.35,versicolor
5.27,2.37,3.67,0.97,versicolor
5.98,2.15,3.91,1.07,versicolor
5.81,2.70,4.04,1.40,versicolor
5.97,3.04,4.47,1.23,versicolor
6.55,3.04,4.25,1.22,versicolor
5.58,2.94,4.61,1.31,versicolor
5.88,2.83,4.06,1.56,versicolor
7.13,3.21,4.49,1.36,versicolor
5.87,2.68,4.27,1.10,versicolor
5.12,2.20,3.83,1.17,versicolor
5.60,2.78,4.30,1.44,versicolor
4.87,2.48,3.40,1.06,versicolor
5.73,2.83,4.76,1.48,versicolor
6.47,3.63,4.70,1.60,versicolor
5.81,2.77,4.50,1.69,versicolor
6.07,3.21,4.96,1.54,versicolor
6.17,2.84,4.73,1.26,versicolor
6.09,2.86,4.50,1.62,versicolor
6.33,2.71,3.99,1.22,versicolor
6.29,3.19,4.63,1.54,versicolor
5.96,2.47,4.20,1.47,versicolor
6.43,2.23,4.90,1.53,versicolor
6.15,2.70,4.76,1.47,versicolor
6.34,3.04,4.63,1.40,versicolor
6.29,3.09,4.85,1.46,versicolor
7.27,3.07,4.76,1.46,versicolor
7.14,3.21,4.99,1.80,versicolor
5.57,2.64,3.96,1.31,versicolor
6.29,2.64,4.38,1.32,versicolor
6.10,2.79,4.01,1.27,versicolor
6.07,3.09,4.37,1.46,versicolor
6.24,2.50,4.29,1.40,versicolor
5.70,3.15,4.13,1.57,versicolor
6.13,3.20,4.49,1.66,versicolor
5.88,3.01,4.74,1.52,versicolor
6.00,2.92,4.66,1.35,versicolor
6.41,3.03,5.02,1.86,versicolor
4.88,2.25,3.37,1.11,versicolor
5.84,2.87,4.70,1.42,versicolor
5.91,2.67,5.33,1.61,versicolor
5.72,2.47,3.88,1.32,versicolor
5.41,3.22,4.67,1.54,versicolor
5.76,2.80,4.66,1.45,versicolor
5.59,2.81,4.58,1.30,versicolor
6.30,2.94,4.85,1.59,versicolor
5.86,2.57,5.40,1.79,versicolor
6.63,3.11,4.81,1.54,versicolor
6.94,3.04,4.74,1.53,versicolor
6.05,2.99,4.08,1.40,versicolor
6.11,3.23,4.15,1.22,versicolor
5.42,2.55,3.37,0.95,versicolor
6.11,2.56,4.02,1.26,versicolor
5.52,2.80,4.19,1.42,versicolor
6.74,3.07,4.45,1.56,versicolor
6.26,3.70,4.32,1.79,versicolor
6.17,3.16,4.40,1.48,versicolor
6.01,2.86,3.46,1.17,versicolor
5.70,2.77,3.94,1.21,versicolor
5.05,2.67,3.64,0.97,versicolor
5.17,2.45,3.57,0.99,versicolor
5.67,2.26,3.96,1.14,versicolor
6.82,2.99,4.55,1.58,versicolor
5.68,2.69,3.98,1.35,versicolor
6.07,2.75,4.04,1.31,versicolor
6.28,2.96,4.45,1.40,versicolor
6.46,2.72,4.69,1.39,versicolor
6.83,2.80,4.72,1.50,versicolor
5.92,2.99,4.29,1.12,versicolor
5.39,2.52,3.70,1.05,versicolor
6.06,2.45,3.99,1.20,versicolor
6.21,3.15,4.36,1.60,versicolor
5.90,2.82,4.56,1.34,versicolor
5.87,3.08,4.85,1.41,versicolor
6.28,3.04,4.72,1.55,versicolor
5.33,2.25,3.76,1.07,versicolor
5.73,2.76,4.37,1.24,versicolor
5.90,3.28,4.06,1.39,versicolor
5.75,2.90,4.34,1.36,versicolor
6.53,2.58,4.75,1.63,versicolor
5.52,2.52,2.84,1.08,versicolor
5.00,2.21,3.22,1.10,versicolor
6.38,2.78,4.48,1.57,versicolor
5.67,2.96,4.57,1.42,versicolor
5.45,2.49,3.78,1.16,versicolor
4.70,2.46,3.43,1.16,versicolor
6.94,3.00,4.83,1.56,versicolor
5.82,2.63,5.07,1.50,versicolor
6.36,3.14,5.15,1.79,versicolor
5.94,2.68,4.51,1.31,versicolor
5.77,2.98,4.86,1.61,versicolor
6.20,2.26,4.88,1.53,versicolor
6.07,2.75,4.11,1.15,versicolor
6.34,2.89,4.87,1.60,versicolor
5.55,2.48,4.42,1.15,versicolor
6.50,3.07,4.98,1.39,versicolor
5.84,2.86,4.83,1.43,versicolor
5.37,2.52,3.51,1.19,versicolor
6.06,2.98,3.94,1.14,versicolor
5.60,3.27,4.71,1.58,versicolor
7.10,3.27,4.52,1.51,versicolor
5.35,3.20,4.83,1.64,versicolor
6.69,2.88,5.44,1.68,versicolor
6.43,3.20,5.13,1.78,versicolor
5.42,2.90,4.02,1.47,versicolor
5.62,3.22,4.73,1.58,versicolor
5.87,2.71,4.20,1.05,versicolor
6.90,3.03,5.09,1.43,versicolor
5.70,2.39,4.16,1.22,versicolor
6.44,2.88,4.87,1.63,versicolor
4.95,2.37,3.85,1.12,versicolor
5.33,2.46,3.00,1.04,versicolor
6.19,2.90,5.13,1.51,versicolor
5.78,2.63,3.85,1.17,versicolor
6.09,2.83,4.00,1.27,versicolor
6.71,2.95,4.49,1.51,versicolor
5.74,2.59,4.30,1.46,versicolor
6.60,3.12,4.62,1.57,versicolor
5.46,2.69,4.06,1.31,versicolor
7.11,2.91,4.76,1.46,versicolor
5.95,2.32,3.97,1.14,versicolor
6.04,3.42,4.73,1.78,versicolor
5.98,2.76,4.27,1.33,versicolor
5.85,3.06,4.11,1.56,versicolor
5.85,3.30,4.37,1.42,versicolor
5.55,2.90,4.20,1.36,versicolor
4.97,2.23,3.62,0.95,versicolor
6.31,3.37,6.08,2.56,virginica
5.85,2.78,5.17,1.95,virginica
7.16,3.05,5.96,2.13,virginica
6.35,2.92,5.64,1.82,virginica
6.59,3.03,5.86,2.23,virginica
7.68,3.03,6.65,2.15,virginica
4.97,2.58,4.52,1.75,virginica
7.31,2.92,6.36,1.86,virginica
6.78,2.55,5.88,1.88,virginica
7.29,3.64,6.15,2.58,virginica
6.53,3.27,5.17,2.09,virginica
6.44,2.78,5.35,1.95,virginica
6.82,3.03,5.58,2.12,virginica
5.77,2.52,5.04,2.06,virginica
5.82,2.85,5.17,2.44,virginica
6.42,3.23,5.37,2.36,virginica
6.53,3.03,5.57,1.82,virginica
7.74,3.88,6.73,2.27,virginica
7.75,2.65,6.97,2.35,virginica
6.08,2.25,5.03,1.57,virginica
6.97,3.22,5.73,2.33,virginica
5.68,2.88,4.93,2.09,virginica
7.78,2.86,6.73,2.04,virginica
6.39,2.71,4.97,1.86,virginica
6.77,3.32,5.77,2.19,virginica
7.26,3.25,6.02,1.85,virginica
6.23,2.86,4.84,1.86,virginica
6.14,3.04,4.98,1.84,virginica
6.43,2.81,5.62,2.13,virginica
7.25,3.06,5.84,1.68,virginica
7.42,2.87,6.15,1.96,virginica
7.98,3.82,6.43,2.04,virginica
6.49,2.84,5.64,2.25,virginica
6.37,2.81,5.18,1.57,virginica
6.11,2.68,5.68,1.42,virginica
7.76,3.07,6.18,2.33,virginica
6.37,3.45,5.67,2.44,virginica
6.42,3.14,5.55,1.88,virginica
6.05,3.03,4.89,1.87,virginica
6.91,3.14,5.45,2.18,virginica
6.79,3.14,5.62,2.43,virginica
6.91,3.14,5.16,2.38,virginica
5.83,2.77,5.13,1.91,virginica
6.83,3.25,5.93,2.37,virginica
6.79,3.34,5.74,2.56,virginica
6.76,3.02,5.24,2.33,virginica
6.33,2.55,5.03,1.94,virginica
6.55,3.02,5.25,2.05,virginica
6.26,3.45,5.46,2.35,virginica
5.95,3.07,5.15,1.86,virginica
6.45,3.12,4.53,1.84,virginica
6.08,2.70,5.46,1.88,virginica
6.93,3.17,6.53,2.10,virginica
5.98,3.25,5.00,1.75,virginica
6.51,3.01,4.82,1.88,virginica
6.69,3.11,5.72,2.17,virginica
5.14,2.39,4.87,1.63,virginica
6.63,3.18,5.40,2.26,virginica
6.63,3.25,6.19,2.47,virginica
6.70,3.49,5.44,2.51,virginica
6.27,3.12,4.96,1.99,virginica
6.57,3.40,5.45,2.26,virginica
7.45,3.17,5.34,2.44,virginica
7.02,3.35,5.68,1.75,virginica
5.78,2.76,4.99,2.13,virginica
6.43,2.81,5.06,1.90,virginica
5.91,2.84,5.19,2.22,virginica
6.43,3.22,5.06,2.37,virginica
6.39,3.22,5.94,2.65,virginica
7.19,3.20,5.76,1.70,virginica
5.92,2.85,4.93,1.97,virginica
6.89,2.93,5.15,2.12,virginica
6.97,3.30,6.22,2.48,virginica
6.78,2.93,5.72,2.11,virginica
6.34,2.92,4.91,1.78,virginica
6.18,2.69,5.29,1.89,virginica
6.17,3.06,5.56,2.09,virginica
6.32,2.59,5.00,2.16,virginica
6.40,2.85,5.49,1.83,virginica
6.23,3.07,5.33,1.63,virginica
5.80,2.98,4.76,2.02,virginica
8.21,2.70,7.12,2.28,virginica
6.98,3.08,5.98,2.09,virginica
6.00,2.95,5.07,1.68,virginica
7.07,3.43,6.57,2.55,virginica
6.70,2.75,6.08,2.04,virginica
6.37,2.64,5.33,1.84,virginica
6.57,3.01,5.28,1.97,virginica
6.36,2.72,5.80,2.29,virginica
5.83,2.50,5.01,2.19,virginica
7.66,2.85,6.04,1.60,virginica
6.46,3.14,5.62,1.85,virginica
6.05,3.22,5.26,2.57,virginica
8.01,2.68,6.96,2.57,virginica
7.09,3.18,5.35,2.35,virginica
6.50,2.98,5.26,1.85,virginica
6.85,2.91,5.39,1.89,virginica
6.48,2.88,5.96,1.79,virginica
6.97,3.07,5.58,1.84,virginica
7.48,3.31,6.04,2.36,virginica
7.10,3.13,6.29,2.36,virginica
6.04,2.65,5.40,1.60,virginica
6.65,3.64,5.60,2.13,virginica
5.84,2.51,4.74,2.04,virginica
6.84,3.29,6.10,2.53,virginica
7.38,2.52,6.62,2.27,virginica
6.52,2.86,5.99,1.98,virginica
7.65,2.95,6.27,1.85,virginica
6.70,3.01,5.97,1.81,virginica
7.79,3.61,6.40,2.45,virginica
6.71,2.83,4.55,1.88,virginica
6.25,2.93,5.03,1.89,virginica
7.57,3.04,6.06,1.80,virginica
7.92,2.80,6.30,2.29,virginica
7.03,3.00,5.97,2.54,virginica
7.80,2.87,6.15,2.20,virginica
6.85,3.34,6.01,2.23,virginica
7.59,3.09,6.13,1.97,virginica
7.07,3.16,5.43,2.32,virginica
6.46,2.51,4.99,1.77,virginica
6.69,3.53,6.07,2.68,virginica
6.17,2.82,4.99,1.71,virginica
6.53,3.09,4.74,1.61,virginica
4.78,2.71,4.82,1.63,virginica
6.55,2.82,5.95,2.34,virginica
7.18,3.24,5.82,2.36,virginica
6.51,3.46,6.01,2.09,virginica
6.37,2.95,6.08,1.89,virginica
7.20,2.99,6.86,2.11,virginica
6.71,3.28,5.55,2.37,virginica
6.80,3.17,5.97,2.60,virginica
6.63,2.99,5.54,1.99,virginica
6.16,2.99,5.38,2.16,virginica
6.17,2.74,5.07,2.00,virginica
6.24,2.77,4.97,1.75,virginica
7.91,2.79,6.79,2.16,virginica
5.95,3.37,5.76,2.18,virginica
5.78,2.96,5.00,2.13,virginica
6.10,2.82,5.53,1.91,virginica
6.39,2.77,4.68,1.74,virginica
7.64,3.15,6.50,1.67,virginica
7.59,3.56,6.72,2.17,virginica
7.08,3.10,5.16,2.03,virginica
7.27,3.18,6.20,2.23,virginica
8.21,2.80,6.42,1.93,virginica
7.23,3.33,6.20,2.39,virginica
6.32,2.97,5.83,2.34,virginica
7.02,3.13,5.99,2.55,virginica
7.84,3.09,6.45,2.17,virginica
6.51,2.70,5.36,1.85,virginica
6.62,3.41,5.51,2.34,virginica
7.12,3.20,5.71,2.61,virginica
6.35,2.87,5.54,2.14,virginica
6.35,3.06,5.31,1.95,virginica
6.51,3.35,5.91,2.39,virginica
7.95,3.86,6.67,2.37,virginica
7.63,2.86,6.78,2.33,virginica
6.52,3.06,5.33,1.67,virginica
6.64,3.16,5.08,1.78,virginica
6.86,3.31,6.06,1.97,virginica
6.75,2.93,5.25,2.01,virginica
6.51,2.74,5.27,1.95,virginica
5.91,2.71,5.22,2.06,virginica
6.22,3.09,5.54,2.38,virginica
6.42,2.91,5.48,2.21,virginica
7.61,2.89,5.99,1.84,virginica
8.10,2.88,7.10,2.27,virginica
5.54,2.82,5.12,1.96,virginica
7.72,3.45,6.38,2.47,virginica
6.94,2.89,5.20,2.05,virginica
8.40,4.04,6.91,1.95,virginica
6.34,2.79,4.54,1.75,virginica
7.27,3.23,6.03,1.76,virginica
5.82,3.00,5.19,2.16,virginica
7.08,3.10,5.96,2.37,virginica
7.45,3.09,5.89,2.29,virginica
7.01,3.15,6.25,1.95,virginica
6.45,2.79,5.82,2.11,virginica
6.51,3.45,6.08,2.22,virginica
7.17,3.31,6.02,2.21,virginica
6.70,3.19,4.89,2.07,virginica
6.61,2.65,5.50,1.74,virginica
6.64,3.21,6.21,2.36,virginica
6.50,2.92,5.58,2.18,virginica
6.10,2.82,4.99,1.90,virginica
7.29,3.13,5.60,2.04,virginica
6.14,2.70,5.24,2.12,virginica
7.53,3.28,6.62,2.20,virginica
6.89,3.10,6.12,2.39,virginica
8.38,3.89,6.39,2.20,virginica
6.94,2.86,5.37,2.06,virginica
6.35,3.17,5.49,2.06,virginica
6.67,3.27,5.84,2.41,virginica
7.79,3.56,6.75,2.00,virginica
6.89,3.21,5.72,2.40,virginica
6.04,2.88,4.65,2.03,virginica
6.81,2.43,4.87,1.85,virginica
7.08,3.07,5.34,2.16,virginica
6.60,2.96,5.90,1.93,virginica
7.06,3.04,5.09,2.36,virginica
7.01,3.48,6.19,2.58,virginica
6.21,3.20,4.94,2.17,virginica
6.90,3.32,4.93,2.22,virginica
7.54,3.03,5.77,2.42,virginica
7.20,3.11,6.33,1.94,virginica
6.76,3.15,5.04,2.36,virginica
7.18,2.95,6.56,1.83,virginica
6.26,2.99,5.99,1.70,virginica
7.89,3.02,6.15,2.09,virginica
6.46,2.77,6.17,2.09,virginica
8.18,3.78,6.36,2.09,virginica
6.41,2.80,5.73,1.86,virginica
6.94,3.07,6.15,2.41,virginica
6.39,2.48,5.39,1.86,virginica
6.42,3.28,5.50,2.39,virginica
7.02,3.20,5.35,2.43,virginica
6.67,2.96,5.46,2.41,virginica
6.21,3.09,5.45,1.60,virginica
6.17,3.15,5.49,2.50,virginica
6.03,2.52,5.28,2.03,virginica
6.36,3.03,5.92,2.00,virginica
6.13,3.44,5.80,2.40,virginica
6.72,2.93,5.26,2.38,virginica
6.78,3.41,6.00,1.82,virginica
8.36,3.15,6.66,2.40,virginica
6.13,2.87,5.41,2.14,virginica
7.28,3.22,6.00,2.28,virginica
7.86,2.79,6.40,1.93,virginica
6.26,2.86,4.98,1.97,virginica
5.96,2.80,5.08,2.07,virginica
7.48,2.97,6.04,2.08,virginica
6.61,3.04,5.42,2.14,virginica
6.59,2.81,5.29,1.78,virginica
6.98,3.31,5.92,2.24,virginica
6.69,3.34,5.97,2.54,virginica
6.42,3.36,5.94,2.28,virginica
6.15,2.86,5.30,1.81,virginica
7.05,2.87,5.61,2.16,virginica
7.32,3.16,5.86,2.21,virginica
6.34,2.99,5.59,1.91,virginica
7.93,3.11,6.85,1.81,virginica
6.45,3.10,4.96,1.54,virginica
7.02,3.32,5.29,1.98,virginica
5.63,2.64,4.39,1.76,virginica
6.26,2.85,5.14,2.12,virginica
7.42,3.21,6.08,1.68,virginica
6.38,3.08,5.20,2.37,virginica
6.80,3.35,6.11,2.28,virginica
6.73,3.38,6.15,2.44,virginica
5.84,3.02,5.29,2.03,virginica
8.05,2.95,6.45,1.94,virginica
6.77,3.26,5.50,1.89,virginica
7.40,3.00,6.61,2.20,virginica
6.08,3.28,5.09,1.70,virginica
6.91,3.21,5.78,2.24,virginica
6.89,3.16,6.25,2.64,virginica
6.63,3.42,6.19,2.22,virginica
6.54,2.89,5.62,1.79,virginica
6.80,2.88,4.93,1.91,virginica
7.64,3.31,5.86,1.65,virginica
7.30,3.20,6.21,1.85,virginica
6.80,3.35,5.76,2.61,virginica
6.92,3.18,5.39,2.23,virginica
6.52,3.15,5.43,1.88,virginica
6.15,2.92,5.49,2.10,virginica
6.93,3.45,6.04,2.16,virginica
6.79,3.33,5.15,2.13,virginica
6.06,2.76,5.19,2.18,virginica
5.96,3.60,5.64,2.19,virginica
6.30,3.34,5.41,2.05,virginica
6.68,2.96,5.39,1.92,virginica
6.68,3.25,5.24,1.71,virginica
7.35,2.96,6.21,1.55,virginica
6.35,2.96,5.12,1.80,virginica
7.89,2.93,6.17,2.15,virginica
7.10,2.95,5.03,2.44,virginica
6.37,3.10,5.18,1.74,virginica
6.32,3.02,5.37,1.77,virginica
6.35,2.79,6.09,1.97,virginica
5.40,2.78,5.05,1.93,virginica
6.65,2.95,5.65,2.08,virginica
6.58,2.59,5.25,2.07,virginica
6.80,2.90,5.75,2.09,virginica
7.43,2.99,6.59,2.30,virginica
6.76,2.95,6.01,2.19,virginica
6.70,3.02,5.57,1.85,virginica
6.86,2.92,5.45,2.33,virginica
7.42,3.51,6.14,2.49,virginica
7.09,3.45,5.70,2.36,virginica
6.99,2.78,5.29,1.65,virginica
5.24,2.85,4.37,1.67,virginica
6.06,3.11,5.36,1.87,virginica
7.07,3.17,5.07,1.96,virginica
7.23,2.90,6.07,1.83,virginica
7.69,2.93,6.46,2.04,virginica
6.41,3.23,4.81,2.06,virginica
6.66,2.89,5.06,2.17,virginica
6.01,2.86,4.78,1.67,virginica
6.69,2.71,6.06,2.40,virginica
5.56,2.60,5.50,2.29,virginica
5.59,2.82,5.22,1.84,virginica
8.26,2.87,6.29,2.15,virginica
6.47,3.17,5.66,2.26,virginica
6.39,3.27,5.10,1.98,virginica
6.81,3.16,6.06,2.77,virginica
7.45,3.04,6.33,1.76,virginica
6.63,3.31,6.16,2.22,virginica
5.56,2.39,5.28,1.80,virginica
5.72,2.68,5.16,1.84,virginica
7.08,3.38,6.26,2.65,virginica
7.06,3.17,6.02,1.87,virginica
7.21,3.16,5.64,2.53,virginica
7.14,3.29,5.89,1.86,virginica
5.95,2.52,4.77,1.41,virginica
7.06,3.45,5.83,2.00,virginica
7.48,2.99,6.07,1.96,virginica
6.85,2.95,5.17,2.12,virginica
6.67,3.10,5.80,1.97,virginica
6.58,2.84,4.81,1.83,virginica
6.87,3.36,6.11,2.43,virginica
6.33,3.30,5.20,1.94,virginica
7.76,2.95,6.07,1.96,virginica
8.03,2.97,7.09,2.09,virginica
7.69,2.80,5.89,1.69,virginica
6.09,2.45,5.13,1.76,virginica
7.60,3.00,7.23,2.15,virginica
8.21,3.80,6.33,1.91,virginica
6.73,2.73,5.44,1.92,virginica
6.46,3.17,5.46,2.70,virginica
6.81,3.23,5.57,1.86,virginica
5.67,2.99,5.46,1.88,virginica
7.01,3.55,5.75,2.52,virginica
6.70,3.34,5.70,2.38,virginica
7.27,3.48,6.27,2.46,virginica
6.35,2.96,5.89,1.95,virginica
5.58,2.59,4.92,1.97,virginica
6.79,2.85,5.76,1.86,virginica
5.83,2.91,5.16,2.05,virginica
6.42,3.07,5.23,2.04,virginica
6.65,2.75,4.80,1.55,virginica
6.06,3.04,5.34,2.07,virginica
6.44,2.82,5.49,2.03,virginica
6.77,3.35,6.15,2.46,virginica
6.42,2.98,5.48,1.84,virginica
7.42,3.13,6.89,1.97,virginica
5.03,2.82,5.06,1.90,virginica
6.19,2.93,5.94,1.66,virginica
6.76,2.94,5.50,2.14,virginica
6.40,3.39,5.53,2.21,virginica
6.51,3.01,4.79,1.73,virginica
6.34,2.79,5.27,1.84,virginica
6.97,3.11,4.96,1.95,virginica
6.44,3.32,6.15,2.62,virginica
7.33,2.80,6.56,1.95,virginica
6.44,2.99,5.46,2.04,virginica
5.99,2.27,5.31,1.75,virginica
6.54,2.73,5.26,1.89,virginica
6.61,3.18,5.68,2.38,virginica
6.85,2.82,5.31,1.80,virginica
6.13,2.84,5.14,2.11,virginica
6.32,2.55,5.03,2.26,virginica
5.97,2.82,4.85,2.14,virginica
6.96,3.46,5.90,2.39,virginica
6.25,2.57,5.63,2.17,virginica
5.90,2.81,5.14,2.12,virginica
6.45,3.02,5.17,1.96,virginica
6.33,3.38,6.04,2.53,virginica
6.78,3.30,6.46,2.60,virginica
8.03,2.89,6.54,1.99,virginica
5.57,3.01,4.89,1.96,virginica
7.12,3.11,6.23,2.17,virginica
6.46,3.20,4.86,1.69,virginica
8.15,3.94,6.75,2.20,virginica
7.51,3.24,6.19,2.08,virginica
7.69,3.20,6.28,2.15,virginica
6.78,3.11,5.32,2.16,virginica
7.46,3.06,6.56,1.65,virginica
6.52,2.59,5.89,1.74,virginica
6.40,3.58,5.07,2.26,virginica
7.67,3.26,5.96,2.41,virginica
6.66,2.72,5.64,1.97,virginica
7.24,2.88,5.87,1.77,virginica
7.30,3.04,5.65,2.31,virginica
7.85,4.11,6.76,1.89,virginica
7.11,3.25,5.58,2.54,virginica
6.91,3.42,5.74,2.65,virginica
6.74,3.05,5.56,2.01,virginica
7.65,3.70,6.76,2.36,virginica
6.33,2.73,5.91,2.00,virginica
6.20,3.12,5.11,2.04,virginica
6.34,3.07,5.10,2.00,virginica
6.94,2.97,5.50,2.32,virginica
6.64,2.93,4.88,2.03,virginica
8.21,3.05,6.48,2.34,virginica
7.27,3.07,6.18,2.33,virginica
5.50,3.01,5.38,1.92,virginica
6.77,2.71,5.14,2.09,virginica
7.75,3.49,6.65,2.38,virginica
7.96,2.77,6.12,2.22,virginica
7.77,3.27,6.20,1.93,virginica
6.59,3.51,6.12,2.41,virginica
7.28,3.22,6.52,2.00,virginica
6.91,3.07,5.00,1.99,virginica
6.79,3.32,5.13,2.18,virginica
7.14,3.20,6.22,2.32,virginica
6.86,2.77,5.63,1.87,virginica
6.72,3.55,5.70,2.45,virginica
6.77,3.45,5.58,2.32,virginica
6.56,2.77,5.15,1.85,virginica
6.95,3.34,5.75,2.12,virginica
6.24,2.65,5.89,2.16,virginica
6.39,2.59,4.85,1.92,virginica
6.65,3.28,5.69,2.56,virginica
6.43,2.98,5.17,1.60,virginica
6.07,2.74,4.91,1.89,virginica
6.62,3.17,5.68,2.27,virginica
6.99,2.97,5.52,2.27,virginica
6.75,2.79,4.63,1.94,virginica
6.38,3.30,6.15,2.39,virginica
6.94,3.59,6.06,2.39,virginica
6.75,3.50,5.56,2.60,virginica
6.41,3.08,5.46,1.89,virginica
8.09,2.98,6.22,2.24,virginica
7.43,2.83,6.46,1.76,virginica
7.01,3.35,5.43,2.38,virginica
6.03,2.80,5.35,1.85,virginica
6.14,2.70,5.50,2.06,virginica
6.40,3.19,5.63,2.23,virginica
7.06,3.21,4.88,2.36,virginica
7.56,2.84,7.07,2.36,virginica
6.42,2.87,5.05,1.99,virginica
6.76,3.14,5.50,2.19,virginica
7.85,2.94,5.88,2.35,virginica
6.44,2.18,5.50,1.65,virginica
7.59,2.90,6.25,2.19,virginica
6.58,2.85,5.83,1.97,virginica
6.30,3.23,5.38,1.73,virginica
8.07,3.03,6.97,2.12,virginica
6.53,3.42,6.40,2.20,virginica
6.61,3.25,5.86,2.21,virginica
5.45,2.59,5.02,2.07,virginica
5.87,2.92,5.13,1.84,virginica
6.72,3.06,5.27,2.25,virginica
7.01,3.12,5.51,2.06,virginica
6.92,2.83,5.58,1.81,virginica
5.68,3.00,5.08,1.91,virginica
6.77,3.15,5.34,2.29,virginica
7.10,3.13,5.76,2.29,virginica
5.78,2.98,4.79,2.09,virginica
6.91,3.43,6.43,2.40,virginica
8.22,2.74,6.68,2.21,virginica
7.15,2.89,6.05,2.13,virginica
6.20,2.63,5.41,2.39,virginica
5.90,2.83,5.24,2.08,virginica
6.72,2.87,6.26,2.08,virginica
7.57,3.63,6.95,2.42,virginica
8.25,3.40,6.15,2.33,virginica
6.32,3.24,6.26,2.44,virginica
6.41,3.48,5.85,2.57,virginica
7.63,3.06,6.88,2.33,virginica
7.28,3.12,6.57,1.92,virginica
6.48,3.18,5.33,2.03,virginica
6.09,2.67,4.93,1.70,virginica
6.31,2.38,5.28,1.92,virginica
5.59,2.70,4.82,2.03,virginica
7.54,3.21,5.87,2.52,virginica
7.74,2.67,6.04,2.03,virginica
6.64,3.21,5.28,1.91,virginica
5.92,3.07,5.21,2.11,virginica
6.86,3.36,6.03,2.54,virginica
6.24,3.03,5.44,1.70,virginica
7.11,3.20,5.45,2.07,virginica
6.82,3.28,5.44,2.46,virginica
6.22,2.75,6.12,2.13,virginica
6.09,2.73,5.33,2.09,virginica
6.66,2.97,5.78,2.10,virginica
7.10,3.56,5.91,2.61,virginica
6.26,2.81,4.83,1.77,virginica
6.94,3.26,5.34,2.15,virginica
7.05,2.99,6.56,1.76,virginica
7.11,2.90,6.07,1.68,virginica
7.77,3.17,6.04,2.16,virginica
6.64,2.84,5.69,1.97,virginica
6.89,3.27,5.82,2.08,virginica
7.76,2.77,6.51,2.02,virginica
6.70,3.26,5.64,2.54,virginica
7.52,3.03,6.63,1.93,virginica
7.02,2.88,5.57,2.25,virginica
6.11,2.98,5.17,1.97,virginica
6.50,2.96,5.47,1.73,virginica
5.87,2.99,5.40,2.45,virginica
6.37,3.04,5.67,2.04,virginica
6.95,3.38,6.27,1.81,virginica
5.93,2.99,5.07,1.91,virginica
6.09,2.84,5.40,2.03,virginica
7.21,3.72,6.58,2.31,virginica
6.17,3.12,4.86,1.84,virginica
7.15,3.49,5.41,2.54,virginica
6.22,3.27,5.44,2.15,virginica
7.11,2.83,6.16,1.72,virginica
